{
  "Damelj": {
    "location": [
      45.43466210293423,
      15.188912731350054
    ],
    "Distance": 66.705
  },
  "Armesko": {
    "location": [
      46.01410458164806,
      15.49086069248549
    ],
    "Distance": 55.63333333333333
  },
  "Golubinjak": {
    "location": [
      45.3570790, 14.7641592
    ]
  },
  "Luknja": {
    "location": [
      45.81763408714249,
      15.096150932138356
    ],
    "Distance": 72.60666666666665
  },
  "Paklenica": {
    "location": [
      44.30403029180178,
      15.471336205027894
    ],
    "Distance": 183.82999999999998,
    "type": "multipitch"
  },
  "Rovinj": {
    "location": [
      45.0699003661129,
      13.626319748455758
    ],
    "parking": [
      45.06802850053686,
      13.638182857602043
    ],
    "Distance": 192.595
  },
  "Kamenjak": {
    "location": [
      45.37352756801779,
      14.557990179576809
    ],
    "parking": [
      45.383074620960066,
      14.559083205325695
    ],
    "Distance": 114.18833333333333,
    "type": "multipitch"
  },
  "Kalnik": {
    "location": [
      46.133085536274585,
      16.463962791804395
    ],
    "Distance": 70.67666666666668
  },
  "Okic": {
    "location": [
      45.748875068813156,
      15.706496254222547
    ],
    "Distance": 37.27833333333333
  },
  "Vela Pesa": {
    "location": [
      45.40555647963526,
      14.536577281433075
    ],
    "Distance": 147.64666666666665
  },
  "Kompanj": {
    "location": [
      45.39222332829936,
      14.07526191008747
    ],
    "Distance": 151.89666666666665
  },
  "Omis": {
    "location": [
      43.45035941570747,
      16.696190988140245
    ],
    "Distance": 282.0316666666667,
    "type": "multipitch"
  },
  "Obli Kuk (Prezid)": {
    "location": [
      44.24458577133782,
      15.803868545148426
    ],
    "Distance": 168.82333333333332,
    "type": "multipitch"
  },
  "Klamarusa": {
    "location": [
      45.21515172850713,
      14.713420522318547
    ],
    "Distance": 129.01333333333335,
    "type": "multipitch"
  },
  "Dabarski Kukovi": {
    "location": [
      44.56556356130139,
      15.1180140370689
    ],
    "Distance": 163.85166666666666,
    "type": "multipitch"
  },
  "Zlarin": {
    "location": [
      43.685094081020814,
      15.840036775632049
    ],
    "Distance": 225.46166666666667
  },
  "Strogir": {
    "location": [
      44.709371673827576,
      14.931604432719622
    ],
    "Distance": 164.57999999999998,
    "type": "multipitch"
  },
  "Vela Draga": {
    "location": [
      45.31581239894506,
      14.167332503041193
    ],
    "Distance": 139.525
  },
  "Portafortuna": {
    "location": [
      45.01845813203996,
      14.679828452494796
    ],
    "Distance": 152.37666666666667
  }
}