{
  "Damelj": {
    "location": [
      45.43466210293423,
      15.188912731350054
    ],
    "Distance": 66.705
  },
  "Paklenica": {
    "location": [
      44.30403029180178,
      15.471336205027894
    ],
    "Distance": 183.82999999999998
  },
  "Rovinj": {
    "location": [
      45.0699003661129,
      13.626319748455758
    ],
    "Distance": 192.595
  },
  "Kamenjak": {
    "location": [
      45.37352756801779,
      14.557990179576809
    ],
    "Distance": 114.18833333333333
  },
  "Kalnik": {
    "location": [
      46.133085536274585,
      16.463962791804395
    ],
    "Distance": 70.67666666666668
  },
  "Okic": {
    "location": [
      45.748875068813156,
      15.706496254222547
    ],
    "Distance": 37.27833333333333
  }
}