{
  "Damelj": {
    "location": [
      45.43466210293423,
      15.188912731350054
    ],
    "Distance": 66.705
  },
  "Paklenica": {
    "location": [
      44.30403029180178,
      15.471336205027894
    ],
    "Distance": 183.82999999999998
  },
  "Rovinj": {
    "location": [
      45.0699003661129,
      13.626319748455758
    ],
    "Distance": 192.595
  },
  "Kamenjak": {
    "location": [
      45.37352756801779,
      14.557990179576809
    ],
    "Distance": 114.18833333333333
  },
  "Kalnik": {
    "location": [
      46.133085536274585,
      16.463962791804395
    ],
    "Distance": 70.67666666666668
  },
  "Okic": {
    "location": [
      45.748875068813156,
      15.706496254222547
    ],
    "Distance": 37.27833333333333
  },
  "Vela Pesa": {
    "location": [
      45.40555647963526,
      14.536577281433075
    ],
    "Distance": 147.64666666666665
  },
  "Kompanj": {
    "location": [
      45.39222332829936,
      14.07526191008747
    ],
    "Distance": 151.89666666666665
  },
  "Omis": {
    "location": [
      43.45035941570747,
      16.696190988140245
    ],
    "Distance": 282.0316666666667
  },
  "Obli Kuk": {
    "location": [
      44.24458577133782,
      15.803868545148426
    ],
    "Distance": 168.82333333333332
  },
  "Aspergus Direkt": {
    "location": [
      45.21515172850713,
      14.713420522318547
    ],
    "Distance": 129.01333333333335
  },
  "Dabarski Kukovi": {
    "location": [
      44.54688291148274,
      15.161116490631262
    ],
    "Distance": 163.85166666666666
  }
}