{
  "Damelj": {
    "location": [45.43466210293423, 15.188912731350054]
  },
  "Paklenica": {
    "location": [44.30403029180178, 15.471336205027894]
  },
  "Rovinj": {
    "location": [45.0699003661129, 13.626319748455758]
  },
  "Kamenjak": {
    "location": [45.37352756801779, 14.557990179576809]
  },
  "Kalnik": {
    "location": [46.133085536274585, 16.463962791804395]
  },
  "Okic": {
    "location": [45.748875068813156, 15.706496254222547]
  }
}