{
  "Celimbasa": {
    "location": [
      45.30878398055162,
      14.860938867283023
    ],
    "Distance": 93.5
  },
  "Mariborsko Pohorje": {
    "location": [
      46.533012591790374,
      15.599708185157835
    ],
    "Distance": 88.29666666666667
  },
  "Kranjska Gora": {
    "location": [
      46.48463736279437,
      13.7797101146335
    ],
    "Distance": 155.59
  },
  "Krvavec": {
    "location": [
      46.29648008798461,
      14.5206859431647
    ],
    "Distance": 152.09666666666666
  },
  "Moelltaler Gletscher": {
    "location": [
      47.03811886433177,
      13.007210304159063
    ],
    "Distance": 308.43833333333333
  }
}