{
  "Celimbasa": {
    "location": [
      45.30878398055162,
      14.860938867283023
    ],
    "Distance": 93.5
  },
  "Nasfeld": {
    "location": [
      46.566804807541054,
      13.277076953352879
    ],
    "Distance": 203.65166666666667
  },
  "Mariborsko-Pohorje": {
    "location": [
      46.533012591790374,
      15.599708185157835
    ],
    "Distance": 88.29666666666667
  },
  "Kronplatz": {
    "location": [
      46.746863366357296,
      12.011013912762216
    ],
    "Distance": 306.9183333333333
  },
  "Kaunertal": {
    "location": [
      46.850903851308985,
      10.705811717326887
    ],
    "Distance": 519.95
  },
  "Goldeck": {
    "location": [
      46.759063354970316,
      13.458435423902976
    ],
    "Distance": 254.215
  },
  "Katschberg": {
    "location": [
      47.05849725750337,
      13.615250470510752
    ],
    "Distance": 201.29666666666665
  },
  "Bad Kleinkirchheim": {
    "location": [
      46.81228382984216,
      13.798555103537398
    ],
    "Distance": 193.50666666666666
  },
  "Turracher Hoehe": {
    "location": [
      46.91422400972158,
      13.87506426370242
    ],
    "Distance": 211.75333333333336
  },
  "Gerlitzen-Alpe": {
    "location": [
      46.69399580052134,
      13.916246599890195
    ],
    "Distance": 204.52333333333334
  },
  "Vogel": {
    "location": [
      46.26352095593961,
      13.840090475197755
    ],
    "Distance": 167.29500000000002
  },
  "Rogla": {
    "location": [
      46.45419610250392,
      15.333133124787942
    ],
    "Distance": 125.82
  },
  "Kranjska-Gora": {
    "location": [
      46.48463736279437,
      13.7797101146335
    ],
    "Distance": 155.59
  },
  "Krvavec": {
    "location": [
      46.29648008798461,
      14.5206859431647
    ],
    "Distance": 152.09666666666666
  },
  "Sljeme": {
    "location": [
      45.8988435233244,
      15.946966578038898
    ],
    "Distance": 35.23833333333334
  },
  "Moelltaler Gletscher": {
    "location": [
      46.98040661501648,
      13.051287599468099
    ],
    "Distance": 222.88833333333332
  },
  "Val-Cenis": {
    "location": [
      45.28990443329893,
      6.914850962442778
    ],
    "Distance": 546.4233333333334
  }
}